seasonType,year,league,teamId,athleteId,appearances_value,subIns_value,foulsCommitted_value,foulsSuffered_value,yellowCards_value,redCards_value,ownGoals_value,goalAssists_value,offsides_value,shotsOnTarget_value,totalShots_value,totalGoals_value,shotsFaced_value,saves_value,goalsConceded_value,timestamp
12821,2024,FRA.W.1,19256,158816,11,1,5,6,1,0,0,0,0,8,16,2,0,0,2,2025-02-10 05:44:58
12821,2024,FRA.W.1,21635,158818,0,0,0,0,0,0,0,0,0,0,0,0,0,0,0,2025-02-10 05:44:58
12821,2024,FRA.W.1,19256,158820,10,6,5,2,1,0,0,1,0,8,16,2,0,0,0,2025-02-10 05:44:58
12821,2024,FRA.W.1,21640,158829,14,1,11,4,1,0,0,5,0,14,24,4,0,0,5,2025-02-10 05:44:59
12821,2024,FRA.W.1,21637,176015,14,0,10,10,3,0,0,2,0,2,9,1,0,0,19,2025-02-10 05:44:57
12821,2024,FRA.W.1,19256,188014,2,0,0,1,0,0,0,0,0,0,0,0,0,2,1,2025-02-10 05:44:58
12821,2024,FRA.W.1,19256,188067,8,8,1,0,0,0,0,0,0,4,10,1,0,0,0,2025-02-10 05:44:58
12821,2024,FRA.W.1,21963,209173,11,2,11,15,1,0,0,1,0,7,17,1,0,0,28,2025-02-10 05:45:00
12821,2024,FRA.W.1,19256,209687,13,1,2,7,1,0,0,1,0,8,18,4,0,0,4,2025-02-10 05:44:58
12821,2024,FRA.W.1,21643,210367,9,3,6,7,0,0,0,0,0,2,5,0,0,0,14,2025-02-10 05:45:00
12821,2024,FRA.W.1,22328,211746,0,0,0,0,0,0,0,0,0,0,0,0,0,0,0,2025-01-07 05:41:46
12821,2024,FRA.W.1,21638,213939,14,0,6,2,0,0,0,0,0,0,4,0,0,0,22,2025-02-10 05:44:58
12821,2024,FRA.W.1,21638,213954,12,0,9,8,1,0,0,1,0,11,23,6,0,0,19,2025-02-10 05:44:58
12821,2024,FRA.W.1,19256,219116,10,6,0,4,0,0,0,0,0,5,14,5,0,0,1,2025-02-10 05:44:58
12821,2024,FRA.W.1,19256,219121,13,3,7,1,0,0,0,5,0,16,33,6,0,0,4,2025-02-10 05:44:58
12821,2024,FRA.W.1,19256,219775,14,5,4,3,1,0,0,3,0,3,8,0,0,0,4,2025-02-10 05:44:58
12821,2024,FRA.W.1,21637,219898,6,1,5,0,2,1,0,0,0,0,0,0,0,0,13,2025-01-21 05:30:40
12821,2024,FRA.W.1,19258,219934,3,2,0,0,0,0,0,0,0,1,2,0,0,0,2,2025-02-10 05:44:59
12821,2024,FRA.W.1,21637,219935,3,0,4,5,0,0,0,0,0,0,0,0,0,0,0,2025-02-10 05:44:57
12821,2024,FRA.W.1,19256,219938,11,6,9,5,1,0,0,0,0,9,20,3,0,0,1,2025-02-10 05:44:58
12821,2024,FRA.W.1,19256,219946,12,3,4,14,0,0,0,2,0,5,21,4,0,0,2,2025-02-10 05:44:58
12821,2024,FRA.W.1,22328,224883,13,6,2,8,0,0,0,0,0,6,11,1,0,0,5,2025-02-10 05:44:59
12821,2024,FRA.W.1,21638,225064,14,0,10,9,1,0,0,2,0,4,9,1,0,0,24,2025-02-10 05:44:58
12821,2024,FRA.W.1,21637,227378,14,4,14,15,1,0,0,0,0,15,27,8,0,0,9,2025-02-10 05:44:57
12821,2024,FRA.W.1,19256,228716,11,0,6,10,0,0,0,5,0,19,48,11,0,0,4,2025-02-10 05:44:58
12821,2024,FRA.W.1,21639,230966,11,2,3,4,1,0,1,1,0,1,2,0,0,0,11,2025-02-10 05:44:57
12821,2024,FRA.W.1,21638,234760,9,1,12,9,3,0,0,3,0,3,6,0,0,0,9,2025-02-10 05:44:58
12821,2024,FRA.W.1,19258,235658,12,3,6,2,1,0,0,1,0,1,8,0,0,0,7,2025-02-10 05:44:59
12821,2024,FRA.W.1,19256,236710,12,1,5,6,1,0,0,2,0,4,5,0,0,0,4,2025-02-10 05:44:58
12821,2024,FRA.W.1,19258,240297,10,0,15,31,1,0,0,2,0,8,15,3,0,0,6,2025-02-10 05:44:59
12821,2024,FRA.W.1,21643,242958,11,2,5,7,3,0,0,0,0,0,0,0,0,0,16,2025-02-10 05:45:00
12821,2024,FRA.W.1,21639,246852,11,6,8,9,0,0,0,0,0,7,15,2,0,0,15,2025-02-10 05:44:57
12821,2024,FRA.W.1,21643,248728,14,4,8,2,1,0,0,1,0,3,12,2,0,0,19,2025-02-10 05:45:00
12821,2024,FRA.W.1,19258,248768,12,0,0,3,0,0,0,0,0,0,0,0,0,27,9,2025-02-10 05:44:59
12821,2024,FRA.W.1,19258,248835,1,1,0,0,0,0,0,0,0,0,0,0,0,0,0,2024-10-14 06:58:01
12821,2024,FRA.W.1,21637,248835,6,3,2,0,1,0,0,0,0,0,0,0,0,0,4,2025-02-10 05:44:57
12821,2024,FRA.W.1,22329,249239,14,8,15,6,0,0,0,1,0,7,11,0,0,0,12,2025-02-10 05:45:00
12821,2024,FRA.W.1,21643,251504,5,5,2,0,0,0,0,0,0,0,0,0,0,0,2,2025-02-10 05:45:00
12821,2024,FRA.W.1,19258,252367,11,1,8,6,0,0,0,3,0,6,12,3,0,0,6,2025-02-10 05:44:59
12821,2024,FRA.W.1,21963,255415,14,4,3,8,0,0,0,0,0,5,8,1,0,0,31,2025-02-10 05:45:00
12821,2024,FRA.W.1,21639,255555,13,3,7,8,0,0,0,3,0,20,31,6,0,0,11,2025-02-10 05:44:57
12821,2024,FRA.W.1,22328,263901,11,2,7,1,2,0,0,0,0,2,4,1,0,0,10,2025-02-10 05:44:59
12821,2024,FRA.W.1,21637,264721,12,2,7,4,3,0,0,0,0,1,5,0,0,0,13,2025-02-10 05:44:57
12821,2024,FRA.W.1,21640,264722,13,0,11,6,2,0,0,2,0,6,11,1,0,0,8,2025-02-10 05:44:59
12821,2024,FRA.W.1,19256,264853,12,0,0,2,0,0,0,0,0,0,0,0,0,14,3,2025-02-10 05:44:58
12821,2024,FRA.W.1,19256,264964,8,3,3,2,0,0,0,0,0,3,4,0,0,0,0,2025-02-10 05:44:58
12821,2024,FRA.W.1,21643,267191,11,0,0,1,0,0,0,0,0,0,0,0,0,46,17,2025-02-10 05:45:00
12821,2024,FRA.W.1,21963,268334,1,1,1,0,0,0,0,0,0,0,1,0,0,0,0,2025-02-10 05:45:00
12821,2024,FRA.W.1,21637,268335,14,0,5,9,0,0,0,5,0,14,27,3,0,0,16,2025-02-10 05:44:57
12821,2024,FRA.W.1,21640,270055,14,3,9,2,1,0,0,3,0,3,13,0,0,0,5,2025-02-10 05:44:59
12821,2024,FRA.W.1,21640,272495,11,0,1,5,1,0,0,1,0,0,0,0,0,30,6,2025-02-10 05:44:59
12821,2024,FRA.W.1,21963,278279,14,1,5,12,2,0,0,0,0,0,2,0,0,0,34,2025-02-10 05:45:00
12821,2024,FRA.W.1,21640,279182,14,0,10,10,1,0,0,5,0,26,46,15,0,0,7,2025-02-10 05:44:59
12821,2024,FRA.W.1,19258,282870,6,1,6,4,2,0,0,0,0,1,6,0,0,0,4,2025-02-10 05:44:59
12821,2024,FRA.W.1,19258,282876,2,0,0,0,0,0,0,0,0,0,0,0,0,0,0,2025-02-10 05:44:59
12821,2024,FRA.W.1,21637,282878,14,0,7,25,0,0,0,3,0,12,36,4,0,0,17,2025-02-10 05:44:57
12821,2024,FRA.W.1,19258,283094,12,1,7,7,1,0,0,2,0,19,29,9,0,0,5,2025-02-10 05:44:59
12821,2024,FRA.W.1,22329,283723,12,0,15,5,3,0,0,0,0,0,2,0,0,0,22,2025-02-10 05:45:00
12821,2024,FRA.W.1,22328,284185,0,0,0,0,0,0,0,0,0,0,0,0,0,0,0,2025-02-10 05:44:59
12821,2024,FRA.W.1,19256,285186,12,2,9,3,2,0,0,5,0,1,7,0,0,0,4,2025-02-10 05:44:58
12821,2024,FRA.W.1,21635,287379,14,0,0,4,0,0,0,0,0,0,0,0,0,62,30,2025-02-10 05:44:58
12821,2024,FRA.W.1,21639,287923,13,8,9,2,0,0,0,0,0,10,13,4,0,0,9,2025-02-10 05:44:57
12821,2024,FRA.W.1,19256,288448,12,1,15,7,1,0,0,2,0,4,20,0,0,0,3,2025-02-10 05:44:58
12821,2024,FRA.W.1,21963,290257,13,3,16,5,4,0,0,2,0,6,24,1,0,0,22,2025-02-10 05:45:00
12821,2024,FRA.W.1,21643,292409,11,6,5,9,0,0,0,0,0,5,14,1,0,0,10,2025-02-10 05:45:00
12821,2024,FRA.W.1,19258,292902,8,3,2,4,0,0,0,2,0,7,10,3,0,0,2,2025-02-10 05:44:59
12821,2024,FRA.W.1,19258,293407,10,2,7,4,2,0,0,0,0,1,6,1,0,0,6,2025-02-10 05:44:59
12821,2024,FRA.W.1,21638,293408,14,2,7,13,2,0,0,2,0,7,16,3,0,0,17,2025-02-10 05:44:58
12821,2024,FRA.W.1,21638,293409,11,0,0,2,1,0,0,0,0,0,0,0,0,39,19,2025-02-10 05:44:58
12821,2024,FRA.W.1,21643,293927,4,1,0,0,0,0,0,0,0,0,0,0,0,13,8,2025-02-10 05:45:00
12821,2024,FRA.W.1,21635,295671,8,2,2,4,0,0,0,0,0,1,2,0,0,0,6,2025-02-10 05:44:58
12821,2024,FRA.W.1,21639,295672,8,0,0,1,0,0,0,0,0,0,0,0,0,25,14,2025-02-10 05:44:57
12821,2024,FRA.W.1,21636,295681,13,1,11,13,6,0,0,0,0,0,6,0,0,0,35,2025-02-10 05:44:57
12821,2024,FRA.W.1,22328,295682,9,6,6,6,0,0,0,0,0,0,3,0,0,0,2,2025-02-10 05:44:59
12821,2024,FRA.W.1,21639,296496,13,2,9,3,2,0,0,0,0,1,4,1,0,0,21,2025-02-10 05:44:57
12821,2024,FRA.W.1,22328,298899,14,1,9,8,1,0,0,2,0,6,19,2,0,0,14,2025-02-10 05:44:59
12821,2024,FRA.W.1,22328,302281,9,6,4,6,0,0,0,0,0,1,5,1,0,0,9,2025-02-10 05:44:59
12821,2024,FRA.W.1,21638,302284,12,4,17,7,4,1,0,1,0,4,13,2,0,0,14,2025-02-10 05:44:58
12821,2024,FRA.W.1,19256,306036,5,3,0,2,0,0,0,0,0,1,3,0,0,0,0,2025-02-10 05:44:58
12821,2024,FRA.W.1,21639,306042,6,0,0,0,0,0,0,0,0,0,0,0,0,20,8,2025-02-10 05:44:57
12821,2024,FRA.W.1,19258,306044,12,8,4,2,0,0,0,1,0,1,5,0,0,0,3,2025-02-10 05:44:59
12821,2024,FRA.W.1,19258,307790,12,4,4,0,0,0,0,0,0,0,2,0,0,0,6,2025-02-10 05:44:59
12821,2024,FRA.W.1,19258,309944,14,5,8,5,1,0,0,1,0,13,29,5,0,0,8,2025-02-10 05:44:59
12821,2024,FRA.W.1,19256,311191,9,5,3,5,0,0,0,3,0,5,14,1,0,0,0,2025-02-10 05:44:58
12821,2024,FRA.W.1,19256,311192,7,4,1,1,0,0,0,0,0,0,0,0,0,0,0,2025-02-10 05:44:58
12821,2024,FRA.W.1,21636,311210,12,0,8,10,5,0,1,1,0,0,2,0,0,0,43,2025-02-10 05:44:57
12821,2024,FRA.W.1,21643,311233,9,5,4,2,0,0,0,0,0,0,1,0,0,0,9,2025-02-10 05:45:00
12821,2024,FRA.W.1,19258,311234,13,1,8,18,3,0,0,3,0,1,7,0,0,0,8,2025-02-10 05:44:59
12821,2024,FRA.W.1,21640,312222,4,3,1,1,0,0,0,0,0,2,3,0,0,0,1,2025-02-10 05:44:59
12821,2024,FRA.W.1,19258,313019,8,7,2,1,0,0,0,1,0,0,2,0,0,0,2,2025-02-10 05:44:59
12821,2024,FRA.W.1,21643,313118,14,4,8,12,2,0,0,1,0,5,13,3,0,0,15,2025-02-10 05:45:00
12821,2024,FRA.W.1,21638,314328,12,3,6,4,3,0,0,0,0,1,5,1,0,0,17,2025-02-10 05:44:58
12821,2024,FRA.W.1,21637,314330,13,0,0,2,0,0,0,0,0,0,0,0,0,45,13,2025-02-10 05:44:57
12821,2024,FRA.W.1,21638,317639,13,0,4,9,2,0,0,1,0,2,8,1,0,0,21,2025-02-10 05:44:58
12821,2024,FRA.W.1,21639,317915,12,3,11,12,3,0,0,4,0,11,24,6,0,0,13,2025-02-10 05:44:57
12821,2024,FRA.W.1,21637,317918,3,2,1,0,0,0,0,0,0,0,0,0,0,0,4,2025-01-07 05:41:44
12821,2024,FRA.W.1,21640,320139,14,5,1,5,0,0,0,5,0,24,41,8,0,0,6,2025-02-10 05:44:59
12821,2024,FRA.W.1,21639,321342,13,5,13,15,1,0,0,2,0,6,20,1,0,0,14,2025-02-10 05:44:57
12821,2024,FRA.W.1,21643,327406,14,0,3,7,0,0,0,1,0,0,6,0,0,0,25,2025-02-10 05:45:00
12821,2024,FRA.W.1,19258,327417,13,1,12,3,2,0,0,1,0,9,22,2,0,0,7,2025-02-10 05:44:59
12821,2024,FRA.W.1,21639,328098,14,2,13,20,2,0,0,1,0,6,19,0,0,0,18,2025-02-10 05:44:57
12821,2024,FRA.W.1,19256,328107,2,2,1,0,0,0,0,0,0,0,0,0,0,0,0,2025-02-10 05:44:58
12821,2024,FRA.W.1,19258,330661,0,0,0,0,0,0,0,0,0,0,0,0,0,0,0,2025-02-10 05:44:59
12821,2024,FRA.W.1,22328,330662,11,2,1,3,0,0,0,0,0,0,1,0,0,0,13,2025-02-10 05:44:59
12821,2024,FRA.W.1,19258,330663,8,2,1,5,0,0,0,1,0,3,6,1,0,0,2,2025-02-10 05:44:59
12821,2024,FRA.W.1,19256,330675,0,0,0,0,0,0,0,0,0,0,0,0,0,0,0,2025-02-10 05:44:58
12821,2024,FRA.W.1,21639,332237,12,2,6,2,1,0,0,0,0,3,6,1,0,0,17,2025-02-10 05:44:57
12821,2024,FRA.W.1,19258,336594,0,0,0,0,0,0,0,0,0,0,0,0,0,0,0,2025-02-10 05:44:59
12821,2024,FRA.W.1,21637,339626,9,7,6,2,1,0,0,0,0,3,7,2,0,0,4,2025-02-10 05:44:57
12821,2024,FRA.W.1,21640,339652,13,1,7,7,1,0,0,3,0,2,16,1,0,0,6,2025-02-10 05:44:59
12821,2024,FRA.W.1,19256,340420,11,1,17,12,0,0,0,4,0,27,49,11,0,0,4,2025-02-10 05:44:58
12821,2024,FRA.W.1,21643,343757,14,5,10,9,1,0,0,0,0,3,5,0,0,0,19,2025-02-10 05:45:00
12821,2024,FRA.W.1,21643,343760,14,0,24,24,4,0,0,0,0,5,7,0,0,0,23,2025-02-10 05:45:00
12821,2024,FRA.W.1,22328,344386,0,0,0,0,0,0,0,0,0,0,0,0,0,0,0,2025-02-10 05:44:59
12821,2024,FRA.W.1,22328,344388,14,4,13,8,0,0,0,0,0,3,9,2,0,0,14,2025-02-10 05:44:59
12821,2024,FRA.W.1,21636,344390,5,4,4,0,0,0,0,0,0,1,1,0,0,0,5,2025-02-10 05:44:57
12821,2024,FRA.W.1,21638,344391,0,0,0,0,0,0,0,0,0,0,0,0,0,0,0,2025-02-10 05:44:58
12821,2024,FRA.W.1,21636,344396,12,5,11,4,0,0,0,0,0,8,17,1,0,0,27,2025-02-10 05:44:57
12821,2024,FRA.W.1,21643,344398,12,3,3,3,0,0,0,1,0,11,19,4,0,0,12,2025-02-10 05:45:00
12821,2024,FRA.W.1,21638,344399,13,5,8,12,3,0,0,1,0,4,7,1,0,0,11,2025-02-10 05:44:58
12821,2024,FRA.W.1,21635,344400,12,7,4,1,1,0,0,1,0,2,4,0,0,0,17,2025-02-10 05:44:58
12821,2024,FRA.W.1,19258,344401,13,0,3,14,0,0,0,2,0,0,6,0,0,0,6,2025-02-10 05:44:59
12821,2024,FRA.W.1,21963,344449,5,5,0,0,0,0,0,0,0,0,0,0,0,0,5,2025-02-10 05:45:00
12821,2024,FRA.W.1,21639,347078,7,6,1,1,0,0,0,0,0,1,3,1,0,0,3,2025-02-10 05:44:57
12821,2024,FRA.W.1,21637,347079,6,0,7,7,2,0,0,0,0,5,10,0,0,0,11,2025-02-10 05:44:57
12821,2024,FRA.W.1,21639,347080,13,1,4,17,2,0,0,0,0,7,16,0,0,0,18,2025-02-10 05:44:57
12821,2024,FRA.W.1,21639,347082,14,1,11,7,4,0,0,1,0,1,2,0,0,0,19,2025-02-10 05:44:57
12821,2024,FRA.W.1,22329,347086,13,2,14,7,0,0,0,0,0,0,6,0,0,0,17,2025-02-10 05:45:00
12821,2024,FRA.W.1,21636,347088,13,0,11,4,2,0,0,0,0,0,0,0,0,0,52,2025-02-10 05:44:57
12821,2024,FRA.W.1,21636,347091,2,0,0,0,0,0,0,0,0,0,0,0,0,11,3,2025-02-10 05:44:57
12821,2024,FRA.W.1,21635,347093,9,1,4,2,0,0,0,0,0,1,2,1,0,0,20,2025-02-10 05:44:58
12821,2024,FRA.W.1,21637,347094,0,0,0,0,0,0,0,0,0,0,0,0,0,0,0,2025-02-10 05:44:57
12821,2024,FRA.W.1,21639,347095,14,0,13,9,0,0,0,2,0,1,3,0,0,0,22,2025-02-10 05:44:57
12821,2024,FRA.W.1,21963,347096,14,0,17,12,2,0,1,1,0,3,9,0,0,0,32,2025-02-10 05:45:00
12821,2024,FRA.W.1,21640,347097,11,10,7,2,0,0,0,3,0,15,26,3,0,0,5,2025-02-10 05:44:59
12821,2024,FRA.W.1,21963,347104,13,0,9,9,3,0,0,0,0,3,6,2,0,0,36,2025-02-10 05:45:00
12821,2024,FRA.W.1,21635,347108,11,7,10,6,0,1,0,0,0,7,18,1,0,0,8,2025-02-10 05:44:58
12821,2024,FRA.W.1,21635,347110,13,0,11,13,1,1,0,1,0,1,10,0,0,0,27,2025-02-10 05:44:58
12821,2024,FRA.W.1,21640,347111,11,5,4,10,0,0,0,0,0,2,4,0,0,0,4,2025-02-10 05:44:59
12821,2024,FRA.W.1,21637,347112,12,1,14,32,3,0,0,4,0,13,27,6,0,0,18,2025-02-10 05:44:57
12821,2024,FRA.W.1,21640,347115,11,2,2,5,0,0,0,5,0,14,30,6,0,0,5,2025-01-03 05:41:42
12821,2024,FRA.W.1,21638,347116,14,1,11,20,1,0,0,1,0,6,24,1,0,0,22,2025-02-10 05:44:58
12821,2024,FRA.W.1,21640,347117,14,10,6,7,0,0,0,2,0,3,9,0,0,0,4,2025-02-10 05:44:59
12821,2024,FRA.W.1,21636,347119,12,0,0,3,2,0,0,0,0,0,0,0,0,58,51,2025-02-10 05:44:57
12821,2024,FRA.W.1,21638,347121,2,1,1,0,0,0,0,0,0,0,0,0,0,0,2,2025-02-10 05:44:58
12821,2024,FRA.W.1,22329,347122,12,5,3,5,0,0,0,0,0,5,14,2,0,0,14,2025-02-10 05:45:00
12821,2024,FRA.W.1,21640,347123,12,1,3,5,1,0,0,1,0,2,6,0,0,0,5,2025-02-10 05:44:59
12821,2024,FRA.W.1,22329,347125,13,0,11,2,2,0,0,1,0,0,2,0,0,0,24,2025-02-10 05:45:00
12821,2024,FRA.W.1,21638,347126,3,2,3,0,0,0,0,0,0,1,1,0,0,0,5,2025-02-10 05:44:58
12821,2024,FRA.W.1,21638,347127,13,5,11,12,2,0,0,1,0,3,11,1,0,0,12,2025-02-10 05:44:58
12821,2024,FRA.W.1,21636,347130,14,3,7,3,2,0,0,0,0,5,5,1,0,0,32,2025-02-10 05:44:57
12821,2024,FRA.W.1,22329,347131,13,2,5,0,0,0,0,1,0,0,0,0,0,0,22,2025-02-10 05:45:00
12821,2024,FRA.W.1,22329,347133,11,5,3,1,0,0,0,0,0,0,0,0,0,0,21,2025-02-10 05:45:00
12821,2024,FRA.W.1,21640,347142,13,4,9,3,0,0,0,2,0,9,22,5,0,0,4,2025-02-10 05:44:59
12821,2024,FRA.W.1,21963,347143,5,4,0,0,0,0,0,0,0,0,0,0,0,0,3,2025-01-05 05:37:37
12821,2024,FRA.W.1,21637,347149,8,3,5,2,1,0,0,0,0,2,4,1,0,0,10,2025-02-10 05:44:57
12821,2024,FRA.W.1,21636,347159,3,0,4,7,1,0,0,0,0,1,4,1,0,0,11,2025-02-10 05:44:57
12821,2024,FRA.W.1,22329,347163,0,0,0,0,0,0,0,0,0,0,0,0,0,0,0,2025-02-10 05:45:00
12821,2024,FRA.W.1,21636,347164,11,4,10,3,2,0,1,0,0,0,4,0,0,0,23,2025-02-10 05:44:57
12821,2024,FRA.W.1,21963,347165,14,2,16,12,2,0,0,1,0,7,15,1,0,0,26,2025-02-10 05:45:00
12821,2024,FRA.W.1,21643,347174,12,2,2,2,1,0,0,0,0,4,9,1,0,0,17,2025-02-10 05:45:00
12821,2024,FRA.W.1,21635,347177,13,3,2,3,0,0,0,1,0,5,14,1,0,0,25,2025-02-10 05:44:58
12821,2024,FRA.W.1,21640,347185,10,4,7,17,3,0,0,0,0,2,2,0,0,0,2,2025-02-10 05:44:59
12821,2024,FRA.W.1,22329,347189,11,8,7,9,1,0,0,0,0,0,4,0,0,0,9,2025-02-10 05:45:00
12821,2024,FRA.W.1,21640,347190,2,2,1,0,0,0,0,0,0,1,1,1,0,0,0,2025-01-07 05:41:47
12821,2024,FRA.W.1,21636,347193,0,0,0,0,0,0,0,0,0,0,0,0,0,0,0,2025-02-10 05:44:57
12821,2024,FRA.W.1,22328,347196,11,0,6,5,0,0,0,1,0,0,4,0,0,0,9,2025-02-10 05:44:59
12821,2024,FRA.W.1,21638,347197,12,4,7,8,1,0,0,2,0,2,4,0,0,0,16,2025-02-10 05:44:58
12821,2024,FRA.W.1,21643,347204,2,1,0,0,0,0,0,0,0,0,0,0,0,0,0,2025-02-10 05:45:00
12821,2024,FRA.W.1,21637,347208,13,1,13,3,2,0,0,2,0,2,3,1,0,0,17,2025-02-10 05:44:57
12821,2024,FRA.W.1,21637,347209,1,0,0,2,0,0,0,0,0,0,0,0,0,5,6,2025-02-10 05:44:57
12821,2024,FRA.W.1,21637,347213,12,9,7,8,1,0,0,0,0,8,12,1,0,0,8,2025-02-10 05:44:57
12821,2024,FRA.W.1,19258,347226,11,2,14,1,4,0,0,0,0,2,2,0,0,0,4,2025-02-10 05:44:59
12821,2024,FRA.W.1,22328,347231,6,4,5,7,2,0,0,0,0,1,2,0,0,0,6,2025-02-10 05:44:59
12821,2024,FRA.W.1,21635,347239,13,2,18,19,3,0,0,2,0,10,24,4,0,0,23,2025-02-10 05:44:58
12821,2024,FRA.W.1,21636,347245,9,2,6,6,2,2,0,0,0,1,1,0,0,0,34,2025-02-10 05:44:57
12821,2024,FRA.W.1,21640,347248,0,0,0,0,0,0,0,0,0,0,0,0,0,0,0,2025-02-10 05:44:59
12821,2024,FRA.W.1,21640,347249,5,0,6,5,2,0,0,0,0,0,0,0,0,0,1,2025-02-10 05:44:59
12821,2024,FRA.W.1,21963,347251,13,9,2,4,1,0,0,0,0,3,3,0,0,0,15,2025-02-10 05:45:00
12821,2024,FRA.W.1,21636,347254,12,6,10,13,2,0,0,1,0,2,4,0,0,0,29,2025-02-10 05:44:57
12821,2024,FRA.W.1,21638,347255,14,8,9,5,0,0,0,0,0,10,23,3,0,0,10,2025-02-10 05:44:58
12821,2024,FRA.W.1,21963,347319,11,2,6,19,2,0,0,1,0,3,7,1,0,0,27,2025-02-10 05:45:00
12821,2024,FRA.W.1,21640,347906,3,0,0,0,0,0,0,0,0,0,0,0,0,7,2,2025-02-10 05:44:59
12821,2024,FRA.W.1,21640,347907,13,1,6,9,2,0,0,2,0,0,5,0,0,0,8,2025-02-10 05:44:59
12821,2024,FRA.W.1,21637,348611,7,6,2,1,0,0,0,0,0,0,0,0,0,0,3,2025-02-10 05:44:57
12821,2024,FRA.W.1,19256,349844,0,0,0,0,0,0,0,0,0,0,0,0,0,0,0,2025-01-05 05:37:35
12821,2024,FRA.W.1,21635,349844,0,0,0,0,0,0,0,0,0,0,0,0,0,0,0,2025-01-03 05:41:41
12821,2024,FRA.W.1,21637,349845,9,6,6,6,3,0,0,1,0,3,8,0,0,0,4,2025-02-10 05:44:57
12821,2024,FRA.W.1,21635,349852,5,1,6,1,2,0,0,0,0,1,3,0,0,0,3,2025-02-10 05:44:58
12821,2024,FRA.W.1,21963,349859,14,3,7,22,2,0,0,0,0,1,2,0,0,0,25,2025-02-10 05:45:00
12821,2024,FRA.W.1,21637,349863,2,0,1,0,0,0,0,0,0,0,1,0,0,0,0,2025-02-10 05:44:57
12821,2024,FRA.W.1,21636,349864,8,3,0,4,0,0,0,0,0,0,0,0,0,0,25,2025-02-10 05:44:57
12821,2024,FRA.W.1,21636,349870,14,5,8,9,3,0,0,0,0,8,12,0,0,0,36,2025-02-10 05:44:57
12821,2024,FRA.W.1,21639,349917,9,9,3,3,1,0,0,0,0,0,0,0,0,0,2,2025-02-10 05:44:57
12821,2024,FRA.W.1,21637,349918,11,2,5,4,0,0,0,0,0,1,2,0,0,0,9,2025-02-10 05:44:57
12821,2024,FRA.W.1,22328,349919,14,0,1,2,2,0,0,0,0,0,0,0,0,61,16,2025-02-10 05:44:59
12821,2024,FRA.W.1,21635,349920,14,3,6,14,2,0,0,1,0,10,19,2,0,0,17,2025-02-10 05:44:58
12821,2024,FRA.W.1,22328,349924,8,6,2,4,0,0,0,1,0,0,0,0,0,0,1,2025-02-10 05:44:59
12821,2024,FRA.W.1,21635,350115,13,0,12,11,2,0,0,0,0,1,6,0,0,0,23,2025-02-10 05:44:58
12821,2024,FRA.W.1,21637,350119,12,0,7,10,2,0,0,0,0,1,5,0,0,0,9,2025-02-10 05:44:57
12821,2024,FRA.W.1,21643,350203,9,9,1,1,0,0,0,1,0,2,5,2,0,0,1,2025-02-10 05:45:00
12821,2024,FRA.W.1,21635,350572,6,4,1,0,0,0,0,0,0,0,0,0,0,0,5,2025-02-10 05:44:58
12821,2024,FRA.W.1,21635,350573,12,6,8,4,0,0,0,1,0,10,23,2,0,0,17,2025-02-10 05:44:58
12821,2024,FRA.W.1,21635,350877,10,1,15,7,2,0,0,1,0,2,5,1,0,0,22,2025-02-10 05:44:58
12821,2024,FRA.W.1,19256,353350,2,2,3,0,0,0,0,1,0,1,2,1,0,0,0,2025-01-15 05:35:13
12821,2024,FRA.W.1,22329,353350,4,3,8,2,0,0,0,1,0,1,2,1,0,0,3,2025-02-10 05:45:00
12821,2024,FRA.W.1,21643,358173,0,0,0,0,0,0,0,0,0,0,0,0,0,0,0,2025-02-10 05:45:00
12821,2024,FRA.W.1,21635,358629,3,0,1,2,0,0,0,0,0,0,0,0,0,0,13,2025-02-10 05:44:58
12821,2024,FRA.W.1,21638,359691,7,6,2,0,1,0,0,0,0,0,0,0,0,0,2,2025-02-10 05:44:58
12821,2024,FRA.W.1,21638,362464,0,0,0,0,0,0,0,0,0,0,0,0,0,0,0,2025-02-10 05:44:58
12821,2024,FRA.W.1,21639,362465,12,11,3,5,2,0,0,0,0,2,4,0,0,0,4,2025-02-10 05:44:57
12821,2024,FRA.W.1,21636,365564,12,0,14,4,1,1,0,0,0,2,3,1,0,0,33,2025-02-10 05:44:57
12821,2024,FRA.W.1,21963,365570,12,1,5,8,1,0,0,2,0,12,23,5,0,0,30,2025-02-10 05:45:00
12821,2024,FRA.W.1,22328,365577,13,0,20,13,4,0,0,1,0,6,14,1,0,0,16,2025-02-10 05:44:59
12821,2024,FRA.W.1,21635,365578,12,0,11,7,4,1,0,1,0,2,4,0,0,0,27,2025-02-10 05:44:58
12821,2024,FRA.W.1,22329,365579,14,3,6,10,0,0,0,0,0,4,11,3,0,0,21,2025-02-10 05:45:00
12821,2024,FRA.W.1,21639,365583,13,5,3,12,2,0,0,1,0,6,14,1,0,0,10,2025-02-10 05:44:57
12821,2024,FRA.W.1,21963,365585,12,1,10,7,2,1,0,2,0,0,2,0,0,0,29,2025-02-10 05:45:00
12821,2024,FRA.W.1,21963,365588,14,0,0,4,0,0,0,0,0,0,0,0,0,59,39,2025-02-10 05:45:00
12821,2024,FRA.W.1,22328,365591,2,1,3,1,2,0,0,0,0,0,0,0,0,0,5,2025-01-03 05:41:42
12821,2024,FRA.W.1,21640,365593,11,7,4,3,1,0,0,1,0,0,0,0,0,0,4,2025-02-10 05:44:59
12821,2024,FRA.W.1,21963,365599,13,4,15,15,3,0,0,0,0,2,11,0,0,0,26,2025-02-10 05:45:00
12821,2024,FRA.W.1,22328,365602,12,9,5,5,0,0,0,0,0,1,1,0,0,0,4,2025-02-10 05:44:59
12821,2024,FRA.W.1,21643,365611,14,2,11,16,1,0,0,1,0,3,12,0,0,0,21,2025-02-10 05:45:00
12821,2024,FRA.W.1,21643,365627,13,1,11,7,4,0,0,2,0,6,15,2,0,0,15,2025-02-10 05:45:00
12821,2024,FRA.W.1,21963,367869,5,2,0,1,0,0,0,0,0,0,0,0,0,0,10,2025-02-10 05:45:00
12821,2024,FRA.W.1,21636,368860,10,3,14,21,0,0,0,0,0,4,13,1,0,0,24,2025-02-10 05:44:57
12821,2024,FRA.W.1,21636,368861,9,0,9,9,2,0,0,1,0,6,10,0,0,0,29,2025-02-10 05:44:57
12821,2024,FRA.W.1,21643,369833,10,2,17,6,1,0,0,1,0,2,5,1,0,0,14,2025-02-10 05:45:00
12821,2024,FRA.W.1,19256,370010,0,0,0,0,0,0,0,0,0,0,0,0,0,0,0,2025-01-21 05:30:41
12821,2024,FRA.W.1,21635,370010,1,0,0,2,0,0,0,0,0,0,2,0,0,0,0,2025-02-10 05:44:58
12821,2024,FRA.W.1,21643,370011,13,7,15,11,3,0,0,2,0,1,4,0,0,0,10,2025-02-10 05:45:00
12821,2024,FRA.W.1,19256,370012,1,1,1,0,0,0,0,0,0,0,2,0,0,0,0,2025-01-15 05:35:13
12821,2024,FRA.W.1,22329,370012,2,1,3,2,0,0,0,0,0,1,3,1,0,0,2,2025-02-10 05:45:00
12821,2024,FRA.W.1,21638,370822,3,0,1,0,1,0,0,0,0,0,0,0,0,13,5,2025-02-10 05:44:58
12821,2024,FRA.W.1,22328,370871,14,2,7,7,2,0,0,2,0,5,18,1,0,0,12,2025-02-10 05:44:59
12821,2024,FRA.W.1,21636,370872,2,1,2,0,0,0,0,0,0,0,0,0,0,0,6,2025-02-10 05:44:57
12821,2024,FRA.W.1,21963,370973,0,0,0,0,0,0,0,0,0,0,0,0,0,0,0,2025-02-10 05:45:00
12821,2024,FRA.W.1,21963,370977,0,0,0,0,0,0,0,0,0,0,0,0,0,0,0,2025-02-10 05:45:00
12821,2024,FRA.W.1,21638,373763,0,0,0,0,0,0,0,0,0,0,0,0,0,0,0,2025-02-10 05:44:58
12821,2024,FRA.W.1,19256,373811,13,3,5,3,0,0,0,4,0,19,33,6,0,0,3,2025-02-10 05:44:58
12821,2024,FRA.W.1,22329,373821,12,1,12,11,4,0,0,0,0,1,6,0,0,0,20,2025-02-10 05:45:00
12821,2024,FRA.W.1,22329,373822,11,0,8,0,2,0,0,0,0,3,3,0,0,0,24,2025-02-10 05:45:00
12821,2024,FRA.W.1,21637,376241,1,1,0,0,0,0,0,0,0,0,0,0,0,0,0,2025-02-10 05:44:57
12821,2024,FRA.W.1,19258,377248,0,0,0,0,0,0,0,0,0,0,0,0,0,0,0,2025-02-10 05:44:59
12821,2024,FRA.W.1,21636,377823,1,1,0,1,0,0,0,0,0,0,0,0,0,0,0,2025-02-10 05:44:57
12821,2024,FRA.W.1,21636,380078,11,4,3,3,0,0,0,0,0,4,7,1,0,0,29,2025-02-10 05:44:57
12821,2024,FRA.W.1,21639,380828,13,2,11,11,0,0,0,5,0,7,19,3,0,0,10,2025-02-10 05:44:57
12821,2024,FRA.W.1,21635,381062,0,0,0,0,0,0,0,0,0,0,0,0,0,0,0,2025-02-10 05:44:58
12821,2024,FRA.W.1,21637,381615,7,7,1,1,0,0,0,0,0,1,5,0,0,0,2,2025-02-10 05:44:57
12821,2024,FRA.W.1,21635,382772,14,0,4,4,0,0,0,0,0,0,1,0,0,0,29,2025-02-10 05:44:58
12821,2024,FRA.W.1,21636,383909,3,3,0,0,0,0,0,0,0,0,0,0,0,0,3,2025-02-10 05:44:57
12821,2024,FRA.W.1,19258,383910,10,4,8,3,4,0,0,0,0,1,5,0,0,0,2,2025-02-10 05:44:59
12821,2024,FRA.W.1,21637,384011,2,2,0,0,0,0,0,0,0,0,0,0,0,0,0,2025-02-10 05:44:57
12821,2024,FRA.W.1,21640,384104,2,2,0,1,0,0,0,0,0,1,2,0,0,0,0,2025-02-10 05:44:59
12821,2024,FRA.W.1,19258,384106,0,0,0,0,0,0,0,0,0,0,0,0,0,0,0,2025-02-10 05:44:59
12821,2024,FRA.W.1,21640,384338,1,1,0,0,0,0,0,0,0,0,0,0,0,0,0,2025-02-10 05:44:59
12821,2024,FRA.W.1,21963,384341,1,1,0,0,0,0,0,0,0,0,0,0,0,0,0,2025-02-10 05:45:00
12821,2024,FRA.W.1,21640,384345,1,1,1,0,0,0,0,0,0,0,0,0,0,0,0,2025-02-10 05:44:59
12821,2024,FRA.W.1,22329,387573,6,2,3,4,1,0,0,0,0,0,0,0,0,0,5,2025-02-10 05:45:00
12821,2024,FRA.W.1,22328,387574,10,2,19,14,6,0,0,0,0,0,7,0,0,0,5,2025-02-10 05:44:59
12821,2024,FRA.W.1,22329,387576,11,5,9,4,0,0,0,1,0,2,7,1,0,0,10,2025-02-10 05:45:00
12821,2024,FRA.W.1,22329,387577,14,2,2,9,0,0,1,2,0,10,17,3,0,0,21,2025-02-10 05:45:00
12821,2024,FRA.W.1,22329,387578,14,0,0,10,0,0,0,0,0,0,0,0,0,58,28,2025-02-10 05:45:00
12821,2024,FRA.W.1,22329,387586,11,3,14,12,3,0,0,0,0,0,6,0,0,0,14,2025-02-10 05:45:00
12821,2024,FRA.W.1,22329,387595,7,6,2,3,0,0,0,0,0,3,6,0,0,0,4,2025-02-10 05:45:00
12821,2024,FRA.W.1,22328,387600,11,2,8,10,0,0,0,0,0,3,12,1,0,0,10,2025-02-10 05:44:59
12821,2024,FRA.W.1,22329,387605,1,1,1,0,0,0,0,0,0,0,0,0,0,0,0,2025-02-10 05:45:00
12821,2024,FRA.W.1,22328,387615,11,7,1,0,0,0,0,0,0,0,2,0,0,0,7,2025-02-10 05:44:59
12821,2024,FRA.W.1,22328,387617,13,2,5,4,1,1,0,0,0,2,7,0,0,0,11,2025-02-10 05:44:59
12821,2024,FRA.W.1,22328,387620,0,0,0,0,0,0,0,0,0,0,0,0,0,0,0,2025-02-10 05:44:59
12821,2024,FRA.W.1,21635,392343,10,6,5,3,1,0,0,0,0,1,6,0,0,0,8,2025-02-10 05:44:58
12821,2024,FRA.W.1,21639,392346,3,2,5,0,1,0,0,0,0,0,0,0,0,0,3,2025-02-10 05:44:57
12821,2024,FRA.W.1,21963,392347,0,0,0,0,0,0,0,0,0,0,0,0,0,0,0,2025-02-10 05:45:00
12821,2024,FRA.W.1,22328,392349,10,1,18,5,1,0,0,1,0,12,23,2,0,0,7,2024-12-30 05:50:52
12821,2024,FRA.W.1,22328,392350,4,3,1,0,0,0,0,0,0,0,1,0,0,0,0,2025-02-10 05:44:59
12821,2024,FRA.W.1,22329,392351,5,3,1,0,0,0,0,1,0,0,1,0,0,0,5,2025-02-10 05:45:00
12821,2024,FRA.W.1,22329,392352,0,0,0,0,0,0,0,0,0,0,0,0,0,0,0,2025-02-10 05:45:00
12821,2024,FRA.W.1,22329,392353,4,4,0,0,0,0,0,0,0,0,0,0,0,0,1,2025-02-10 05:45:00
12821,2024,FRA.W.1,21636,392479,7,3,5,4,0,1,0,0,0,0,4,0,0,0,12,2025-02-10 05:44:57
12821,2024,FRA.W.1,21636,392480,4,4,0,1,0,0,0,0,0,0,0,0,0,0,4,2025-02-10 05:44:57
12821,2024,FRA.W.1,21636,392481,7,7,5,2,0,0,0,0,0,0,0,0,0,0,4,2025-02-10 05:44:57
12821,2024,FRA.W.1,21635,392510,3,0,2,0,0,0,0,0,0,0,2,0,0,0,4,2025-02-10 05:44:58
12821,2024,FRA.W.1,21638,392524,9,6,5,4,2,0,0,0,0,2,3,0,0,0,7,2025-02-10 05:44:58
12821,2024,FRA.W.1,21638,392525,5,5,0,1,0,0,0,0,0,0,1,0,0,0,2,2025-02-10 05:44:58
12821,2024,FRA.W.1,21638,392527,2,2,1,2,0,0,0,0,0,0,0,0,0,0,1,2025-02-10 05:44:58
12821,2024,FRA.W.1,21638,392528,0,0,0,0,0,0,0,0,0,0,0,0,0,0,0,2025-02-10 05:44:58
12821,2024,FRA.W.1,21638,392529,0,0,0,0,0,0,0,0,0,0,0,0,0,0,0,2025-02-10 05:44:58
12821,2024,FRA.W.1,19258,392530,1,1,1,1,0,0,0,0,0,0,0,0,0,0,1,2025-02-10 05:44:59
12821,2024,FRA.W.1,21636,392581,10,3,4,2,1,0,0,0,0,0,0,0,0,0,31,2025-02-10 05:44:57
12821,2024,FRA.W.1,19258,392628,8,8,1,4,0,0,0,0,0,2,3,2,0,0,2,2025-02-10 05:44:59
12821,2024,FRA.W.1,21635,392980,5,5,4,3,1,0,0,0,0,2,2,0,0,0,1,2025-02-10 05:44:58
12821,2024,FRA.W.1,19258,392983,7,6,2,2,0,0,0,0,0,3,9,1,0,0,1,2025-02-10 05:44:59
12821,2024,FRA.W.1,21636,392984,0,0,0,0,0,0,0,0,0,0,0,0,0,0,0,2025-02-10 05:44:57
12821,2024,FRA.W.1,21635,393347,1,1,0,0,0,0,0,0,0,0,0,0,0,0,0,2025-02-10 05:44:58
12821,2024,FRA.W.1,21963,393375,10,10,2,1,1,0,0,0,0,0,0,0,0,0,8,2025-02-10 05:45:00
12821,2024,FRA.W.1,21638,394407,8,7,3,1,0,0,0,1,0,4,10,1,0,0,6,2025-02-10 05:44:58
12821,2024,FRA.W.1,21643,394469,7,6,3,2,0,1,0,1,0,0,2,0,0,0,3,2025-02-10 05:45:00
12821,2024,FRA.W.1,21635,395791,4,3,2,0,0,0,0,0,0,1,2,0,0,0,2,2025-02-10 05:44:58
12821,2024,FRA.W.1,21635,395792,1,1,0,0,0,0,0,0,0,0,0,0,0,0,0,2025-02-10 05:44:58
12821,2024,FRA.W.1,22329,395796,9,6,2,0,0,0,0,0,0,1,1,0,0,0,9,2025-02-10 05:45:00
12821,2024,FRA.W.1,19258,395803,0,0,0,0,0,0,0,0,0,0,0,0,0,0,0,2025-02-10 05:44:59
12821,2024,FRA.W.1,21963,395998,2,2,0,1,0,0,0,0,0,0,0,0,0,0,3,2025-02-10 05:45:00
12821,2024,FRA.W.1,21643,397454,0,0,0,0,0,0,0,0,0,0,0,0,0,0,0,2025-02-10 05:45:00
12821,2024,FRA.W.1,21643,397455,1,1,0,0,0,0,0,0,0,0,0,0,0,0,1,2025-02-10 05:45:00
12821,2024,FRA.W.1,21963,397556,1,1,0,0,0,0,0,0,0,0,0,0,0,0,0,2025-02-10 05:45:00
12821,2024,FRA.W.1,21640,398488,0,0,0,0,0,0,0,0,0,0,0,0,0,0,0,2025-02-10 05:44:59
12821,2024,FRA.W.1,21640,399524,1,1,0,0,0,0,0,0,0,0,0,0,0,0,0,2025-02-10 05:44:59
12821,2024,FRA.W.1,21640,399525,0,0,0,0,0,0,0,0,0,0,0,0,0,0,0,2025-02-10 05:44:59
12821,2024,FRA.W.1,21640,399526,1,1,1,0,0,0,0,0,0,0,0,0,0,0,0,2025-02-10 05:44:59
